Workbook

Sheet لوحة
A1: ميزان — دفتر تجارتك الإلكترونية
A2: الأرقام تتبدّل وحدها كي تسجّل في ورقة «الحركات». المبالغ بالدينار الجزائري (دج).
A4: المداخيل — شحال دخل | C4: المصاريف — شحال خرج | E4: الربح الصافي
A5: =SUMIF(الحركات!B:B,"مدخول",الحركات!D:D) | C5: =SUMIF(الحركات!B:B,"مصروف",الحركات!D:D) | E5: =A5-C5
A7: هامش الربح | C7: عائد الإشهار (كل 1 دج إشهار) | E7: هذا الشهر — المداخيل
A8: =IF(A5=0,"—",E5/A5) | C8: =IF(SUMIF(الحركات!C:C,"الإشهار",الحركات!D:D)=0,"—",A5/SUMIF(الحركات!C:C,"الإشهار",الحركات!D:D)) | E8: =SUMIFS(الحركات!D:D,الحركات!B:B,"مدخول",الحركات!A:A,">="&DATE(YEAR(TODAY()),MONTH(TODAY()),1),الحركات!A:A,"<"&EDATE(DATE(YEAR(TODAY()),MONTH(TODAY()),1),1))
A10: وين راحوا المصاريف
A11: الباب | B11: المبلغ | C11: النسبة
A12: شراء البضاعة | B12: =SUMIF(الحركات!C:C,A12,الحركات!D:D) | C12: =IF(C5=0,0,B12/C5)
A13: الإشهار | B13: =SUMIF(الحركات!C:C,A13,الحركات!D:D) | C13: =IF(C5=0,0,B13/C5)
A14: التوصيل | B14: =SUMIF(الحركات!C:C,A14,الحركات!D:D) | C14: =IF(C5=0,0,B14/C5)
A15: التغليف | B15: =SUMIF(الحركات!C:C,A15,الحركات!D:D) | C15: =IF(C5=0,0,B15/C5)
A16: عمولة التوصيل | B16: =SUMIF(الحركات!C:C,A16,الحركات!D:D) | C16: =IF(C5=0,0,B16/C5)
A17: المرتجعات | B17: =SUMIF(الحركات!C:C,A17,الحركات!D:D) | C17: =IF(C5=0,0,B17/C5)
A18: رسوم المنصة | B18: =SUMIF(الحركات!C:C,A18,الحركات!D:D) | C18: =IF(C5=0,0,B18/C5)
A19: تخزين وإيجار | B19: =SUMIF(الحركات!C:C,A19,الحركات!D:D) | C19: =IF(C5=0,0,B19/C5)
A20: مصروف آخر | B20: =SUMIF(الحركات!C:C,A20,الحركات!D:D) | C20: =IF(C5=0,0,B20/C5)
A22: باش تبدى بحساباتك: روح لورقة «الحركات»، امسح صفوف المثال، وسكّل مداخيل ومصاريف كل يوم. اللوحة تحسب وحدها. تقدر تصفي الجدول من السهم فوق العمود.

Sheet الحركات
A1: التاريخ | B1: النوع | C1: الباب | D1: المبلغ (دج) | E1: ملاحظة
A2: 2026-09-28 | B2: مدخول | C2: مبيعات | D2: 21400 | E2: مبيعات إنستغرام — 6 طلبات
A3: 2026-09-28 | B3: مصروف | C3: التوصيل | D3: 3300 | E3: ياليدين
A4: 2026-09-27 | B4: مصروف | C4: الإشهار | D4: 6500 | E4: إشهار فيسبوك
A5: 2026-09-26 | B5: مدخول | C5: مبيعات | D5: 17800 | E5: مبيعات تيك توك
A6: 2026-09-24 | B6: مصروف | C6: شراء البضاعة | D6: 42000 | E6: شراء سلعة من المورد
A7: 2026-09-22 | B7: مدخول | C7: مبيعات | D7: 25600 | E7: مبيعات الويكاند
A8: 2026-09-20 | B8: مصروف | C8: عمولة التوصيل | D8: 1800 | E8: كاش أون ديليفري
A9: 2026-09-18 | B9: مصروف | C9: التغليف | D9: 2400 | E9: أكياس وكروتونة
A10: 2026-09-15 | B10: مدخول | C10: مبيعات | D10: 28400 | E10: حملة الجمعة
A11: 2026-09-15 | B11: مصروف | C11: الإشهار | D11: 9100 | E11: رييلز ممولة

Sheet قوائم
A1: النوع | B1: الأبواب
A2: مدخول | B2: مبيعات
A3: مصروف | B3: استرجاع مصروف
B4: مدخول آخر
B5: شراء البضاعة
B6: الإشهار
B7: التوصيل
B8: التغليف
B9: عمولة التوصيل
B10: المرتجعات
B11: رسوم المنصة
B12: تخزين وإيجار
B13: مصروف آخر

Sheet كيفاش تخدم
A1: كيفاش تخدم دفتر ميزان
A3: 1) ورقة «الحركات» هي الدفتر. كل سطر = حركة واحدة (مدخول أو مصروف).
A4: 2) اختار النوع من القائمة: مدخول (دخل للخزنة) أو مصروف (خرج من اليد).
A5: 3) اختار الباب: مبيعات، إشهار، توصيل، شراء البضاعة…
A6: 4) اكتب المبلغ بالدينار، بلا فاصلة. مثال: 4500
A7: 5) التاريخ بصيغة 2026-10-01. الملاحظة اختيارية (ياليدين، حملة رييلز…).
A8: 6) ارجع للوحة: المداخيل، المصاريف، الربح، هامش الربح وعائد الإشهار يتحسبو وحدهم.
A9: 7) امسح صفوف المثال قبل ما تبدأ بحساباتك الحقيقية.
A10: 8) تصفية: اضغط السهم فوق عمود الباب أو النوع باش تشوف غير الإشهار مثلا.
A11: 9) هذا الملف يتخدم في Excel، Google Sheets، و Numbers. فعّل التعديل إذا طلب منك.
A12: 10) التطبيق ميزان على الويب هو نفس الحساب، وفيه تصدير CSV من القائمة.
A15: نصيحة للتجارة الإلكترونية في الجزائر: سجّل المبيعات مجمّعة لليوم (ماشي كل طلب وحدو إذا ما تحبش)، والمصروف الكبير (سلعة، إشهار، فاتورة ياليدين) كي يخرج من يدك. الربح = الدخل − الخروج، ماشي رقم المبيعات برك.
